FID,OBJECTID,SHAPE,PARK,FLAECHE,TYP,TELEFON,EINFRIEDUNG,WEBLINK1,SE_ANNO_CAD_DATA
HUNDEZONEOGD.94389,94389,POINT (16.406137199575504 48.16410490543551),Parkanlage Löwygrube,222433 m²,Hundeauslaufplatz,01 4000 8042,keine Einfriedung,http://www.wien.gv.at/umwelt/parks/hundezonen.html,
HUNDEZONEOGD.94390,94390,POINT (16.394214414457856 48.2733311828853),Denglerpark,2691 m²,Hundezone,01 4000 8042,Stabilgitterzaun 1m,http://www.wien.gv.at/umwelt/parks/hundezonen.html,
HUNDEZONEOGD.94391,94391,POINT (16.38855470938943 48.25737894947396),Floridsdorfer Aupark,2502 m²,Hundezone,01 4000 8042,Stabilgitterzaun 1m,http://www.wien.gv.at/umwelt/parks/hundezonen.html,
HUNDEZONEOGD.94392,94392,POINT (16.324641675704164 48.22516494458259),Lidlpark,1215 m²,Hundezone,01 4000 8042,Stabilgitterzaun 1m,http://www.wien.gv.at/umwelt/parks/hundezonen.html,
HUNDEZONEOGD.94393,94393,POINT (16.35925112245928 48.1720783803397),Fortunapark,400 m²,Hundezone,01 4000 8042,"Stabilgitterzaun 1,3 m",http://www.wien.gv.at/umwelt/parks/hundezonen.html,
HUNDEZONEOGD.94394,94394,POINT (16.353903078370873 48.174861071242255),Martin-Luther-King-Park,734 m²,Hundezone,01 4000 8042,"Stabilgitterzaun 1m,1,8 m, Ziegelmauer 2 m",http://www.wien.gv.at/umwelt/parks/hundezonen.html,
HUNDEZONEOGD.94395,94395,POINT (16.298527136733313 48.147696230864526),Parkanlage Riegermühle,704 m²,Hundezone,01 4000 8042,Stabilgitterzaun 1m 4 Schwingflügeltüren,http://www.wien.gv.at/umwelt/parks/hundezonen.html,
HUNDEZONEOGD.94396,94396,POINT (16.35029430255721 48.23265428010613),Währinger Park,4483 m²,Hundezone,01 4000 8042,"Maschendrahtzaun 1m, Ziegelmauer 2,5m",http://www.wien.gv.at/umwelt/parks/hundezonen.html,
HUNDEZONEOGD.94397,94397,POINT (16.34836659839509 48.245276462339945),Saarpark,1292 m²,Hundezone,01 4000 8042,"Gitterzaun 1,6 m teilweise",http://www.wien.gv.at/umwelt/parks/hundezonen.html,
HUNDEZONEOGD.94398,94398,POINT (16.3391346618781 48.24486705733371),Olympiapark,3582 m²,Hundezone,01 4000 8042,Gitterzaun 1m,http://www.wien.gv.at/umwelt/parks/hundezonen.html,
HUNDEZONEOGD.94399,94399,POINT (16.337528286149976 48.23445176587006),Türkenschanzpark (Gregor-Mendel-Straße),1374 m²,Hundezone,01 4000 8042,Stabilgitterzaun 1m,http://www.wien.gv.at/umwelt/parks/hundezonen.html,
HUNDEZONEOGD.94400,94400,POINT (16.329932600967318 48.234261061555955),Türkenschanzpark (Hasenauerstraße),1844 m²,Hundezone,01 4000 8042,Stabilgitterzaun 1m,http://www.wien.gv.at/umwelt/parks/hundezonen.html,
HUNDEZONEOGD.94401,94401,POINT (16.438630553131016 48.232089985957785),Lagerwiese Rehlacke,4355 m²,Hundezone,01 4000 8042,eingezäunt,http://www.wien.gv.at/umwelt/parks/hundezonen.html,
HUNDEZONEOGD.94402,94402,POINT (16.37801620270419 48.170513054747694),Antonspark,957 m²,Hundezone,01 4000 8042,keine Einfriedung,http://www.wien.gv.at/umwelt/parks/hundezonen.html,
HUNDEZONEOGD.94403,94403,POINT (16.377484042838415 48.170557349713185),Antonspark,730 m²,Hundezone,01 4000 8042,keine Einfriedung,http://www.wien.gv.at/umwelt/parks/hundezonen.html,
HUNDEZONEOGD.94404,94404,POINT (16.375202309746474 48.17893434917446),Parkanlage Keplerplatz,297 m²,Hundezone,01 4000 8042,Stabilgitterzaun mit 2 Toren,http://www.wien.gv.at/umwelt/parks/hundezonen.html,
HUNDEZONEOGD.94405,94405,POINT (16.462224595007253 48.15673205150993),Hofgartel,1961 m²,Hundezone,01 4000 8042,"Gitterzaun, Holzzaun 1-5m",http://www.wien.gv.at/umwelt/parks/hundezonen.html,
HUNDEZONEOGD.94406,94406,POINT (16.333203478135527 48.18936286538523),Parkanlage Kranzgasse,635 m²,Hundezone,01 4000 8042,Stabilgitterzaun 1m 2 Schwingflügeltüren,http://www.wien.gv.at/umwelt/parks/hundezonen.html,
HUNDEZONEOGD.94407,94407,POINT (16.37816962216694 48.24870033191785),Schmetterlingspark,385 m²,Hundezone,01 4000 8042,Stabilgitterzaun 1m,http://www.wien.gv.at/umwelt/parks/hundezonen.html,
HUNDEZONEOGD.94408,94408,POINT (16.4375848016339 48.249356084382875),Parkanlage Schrickgasse,798 m²,Hundezone,01 4000 8042,Stabilgitterzaun 1m 2 Schwingflügeltüren 1 Tor,http://www.wien.gv.at/umwelt/parks/hundezonen.html,
HUNDEZONEOGD.94409,94409,POINT (16.303685927167628 48.16998133664308),Parkanlage Fasangartengasse,896 m²,Hundezone,01 4000 8042,"Stabilgitterzaun 1m 2 Schwingflügeltüren, 1 Tor",http://www.wien.gv.at/umwelt/parks/hundezonen.html,
HUNDEZONEOGD.94410,94410,POINT (16.480519740064 48.220273007670365),Grünanlage Aspernstraße,323 m²,Hundezone,01 4000 8042,Stabilgitterzaun 1m 2 Schwingflügeltüren,http://www.wien.gv.at/umwelt/parks/hundezonen.html,
HUNDEZONEOGD.94411,94411,POINT (16.333211594070942 48.239533260917085),Hugo-Wolf-Park,8169 m²,Hundeauslaufplatz,01 4000 8042,keine Einfriedung,http://www.wien.gv.at/umwelt/parks/hundezonen.html,
HUNDEZONEOGD.94412,94412,POINT (16.30197257630076 48.196192351508174),Matzner-Park,5584 m²,Hundezone,01 4000 8042,Stabilgitterzaun 1m,http://www.wien.gv.at/umwelt/parks/hundezonen.html,
HUNDEZONEOGD.94413,94413,POINT (16.330510472652744 48.19844413687685),Reithofferpark,671 m²,Hundezone,01 4000 8042,Stabilgitterzaun 1m 2 Schwingflügeltüren 2 Tore,http://www.wien.gv.at/umwelt/parks/hundezonen.html,
HUNDEZONEOGD.94414,94414,POINT (16.339829977793936 48.212795604992685),Hernalser Gürtel 2,672 m²,Hundezone,01 4000 8042,Stabilgitterzaun 1m,http://www.wien.gv.at/umwelt/parks/hundezonen.html,
HUNDEZONEOGD.94415,94415,POINT (16.428878104344506 48.169477439596214),Parkanlage Blériotgasse,1850 m²,Hundezone,01 4000 8042,Stabilgitterzaun 1m,http://www.wien.gv.at/umwelt/parks/hundezonen.html,
HUNDEZONEOGD.94416,94416,POINT (16.4477655571944 48.27239862421664),Parkanlage Gitlbauergasse,1983 m²,Hundezone,01 4000 8042,Stabilgitterzaun 1m,http://www.wien.gv.at/umwelt/parks/hundezonen.html,
HUNDEZONEOGD.94417,94417,POINT (16.45001369321029 48.28713841730587),Parkanlage Illgasse,1193 m²,Hundezone,01 4000 8042,Stabilgitterzaun 1m,http://www.wien.gv.at/umwelt/parks/hundezonen.html,
HUNDEZONEOGD.94377,94377,POINT (16.28542464820289 48.194968543813346),Gustav-Klimt-Park,179 m²,Hundezone,01 4000 8042,"Stabilgitterzaun 1m 1 Schwingflügeltür, 1 Tor",http://www.wien.gv.at/umwelt/parks/hundezonen.html,
HUNDEZONEOGD.94378,94378,POINT (16.47687679319577 48.21325792599666),Parkanlage Asperner Wies´n,1313 m²,Hundezone,01 4000 8042,Stabilgitterzaun 1m,http://www.wien.gv.at/umwelt/parks/hundezonen.html,
HUNDEZONEOGD.94379,94379,POINT (16.423841546464118 48.2777516252551),Parkanlage Pfendlergasse,965 m²,Hundezone,01 4000 8042,Stabilgitterzaun 1m 2 Schwingflügeltüren 1 Tor,http://www.wien.gv.at/umwelt/parks/hundezonen.html,
HUNDEZONEOGD.94380,94380,POINT (16.30907558375052 48.1878265697868),Hadikpark,17988 m²,Hundeauslaufplatz,01 4000 8042,"Stabilgitterzaun 1m 3 Schwingflügeltüren 3 Tore, Wienflußgeländer",http://www.wien.gv.at/umwelt/parks/hundezonen.html,
HUNDEZONEOGD.94381,94381,POINT (16.339520021364333 48.172482121372674),Unter-Meidlinger Straße,2058 m²,Hundeauslaufplatz,01 4000 8042,keine Angabe,http://www.wien.gv.at/umwelt/parks/hundezonen.html,
HUNDEZONEOGD.94382,94382,POINT (16.287017099465917 48.15193368185283),Parkanlage Pölleritzergasse,4191 m²,Hundeauslaufplatz,01 4000 8042,"Stabilgitterzaun 1m , Chestnutzaun",http://www.wien.gv.at/umwelt/parks/hundezonen.html,
HUNDEZONEOGD.94383,94383,POINT (16.41687229797557 48.215646704953485),Parkanlage Offenbachgasse,1608 m²,Hundezone,01 4000 8042,Stabilgitterzaun 1m,http://www.wien.gv.at/umwelt/parks/hundezonen.html,
HUNDEZONEOGD.94384,94384,POINT (16.414924137720043 48.21462365349107),Parkanlage Engerthstraße,798 m²,Hundezone,01 4000 8042,Stabilgitterzaun 1m,http://www.wien.gv.at/umwelt/parks/hundezonen.html,
HUNDEZONEOGD.94385,94385,POINT (16.267895069906498 48.19618903316883),Parkanlage Cossmanngasse,2058 m²,Hundezone,01 4000 8042,Stabilgitterzaun 1m 2 Schwingflügeltüren,http://www.wien.gv.at/umwelt/parks/hundezonen.html,
HUNDEZONEOGD.94386,94386,POINT (16.31268411632047 48.13102696247046),Parkanlage Siedlung Wienerflur ,1239 m²,Hundezone,01 4000 8042,Stabilgitterzaun 1m,http://www.wien.gv.at/umwelt/parks/hundezonen.html,
HUNDEZONEOGD.94387,94387,POINT (16.276510828821 48.13680111839953),Herbert-Mayr-Park,2676 m²,Hundeauslaufplatz,01 4000 8042,Stabilgitterzaun 1m,http://www.wien.gv.at/umwelt/parks/hundezonen.html,
HUNDEZONEOGD.94388,94388,POINT (16.28244347435851 48.14581603021973),Fridtjof-Nansen-Park,1610 m²,Hundezone,01 4000 8042,Stabilgitterzaun 1m 3 Schwingflügeltüren,http://www.wien.gv.at/umwelt/parks/hundezonen.html,
HUNDEZONEOGD.94458,94458,POINT (16.319141233479005 48.19693835567791),Forschneritschpark,651 m²,Hundezone,01 4000 8042,Stabilgitterzaun 1m 2 Schwingflügeltüren,http://www.wien.gv.at/umwelt/parks/hundezonen.html,
HUNDEZONEOGD.94459,94459,POINT (16.350519129849587 48.18284995811661),Ernst-Lichtblau-Park,238 m²,Hundezone,01 4000 8042,keine Einfriedung,http://www.wien.gv.at/umwelt/parks/hundezonen.html,
HUNDEZONEOGD.94460,94460,POINT (16.35566068370872 48.18147600546866),Parkanlage Leopold-Rister-Gasse,354 m²,Hundezone,01 4000 8042,Stabilgitterzaun 1m,http://www.wien.gv.at/umwelt/parks/hundezonen.html,
HUNDEZONEOGD.94461,94461,POINT (16.362598610733514 48.184821509247364),Klieberpark,101 m²,Hundezone,01 4000 8042,Stabilgitterzaun 1m,http://www.wien.gv.at/umwelt/parks/hundezonen.html,
HUNDEZONEOGD.94462,94462,POINT (16.3634766245338 48.18801109446679),Rudolf-Sallinger-Park,182 m²,Hundezone,01 4000 8042,Stabilgitterzaun 1m,http://www.wien.gv.at/umwelt/parks/hundezonen.html,
HUNDEZONEOGD.94463,94463,POINT (16.3548115257786 48.18745617065349),Bacherpark,354 m²,Hundezone,01 4000 8042,"Metallzaun 1m, Metallzaun 0,6 m",http://www.wien.gv.at/umwelt/parks/hundezonen.html,
HUNDEZONEOGD.94464,94464,POINT (16.354539469365474 48.19479126965552),Ernst-Arnold-Park,364 m²,Hundezone,01 4000 8042,keine Einfriedung,http://www.wien.gv.at/umwelt/parks/hundezonen.html,
HUNDEZONEOGD.94465,94465,POINT (16.343241976401366 48.186849305175606),Parkanlage Mittelzone (Margaretengürtel),463 m²,Hundezone,01 4000 8042,Stabilgitterzaun 1m,http://www.wien.gv.at/umwelt/parks/hundezonen.html,
HUNDEZONEOGD.94466,94466,POINT (16.348653559573453 48.18079424256957),Parkanlage Mittelzone (Gaudenzdorfer Gürtel),2933 m²,Hundezone,01 4000 8042,Stabilgitterzaun 1m,http://www.wien.gv.at/umwelt/parks/hundezonen.html,
HUNDEZONEOGD.94467,94467,POINT (16.356454532884086 48.20566255451668),Weghuberpark,239 m²,Hundezone,01 4000 8042,Stabilgitterzaun 1m,http://www.wien.gv.at/umwelt/parks/hundezonen.html,
HUNDEZONEOGD.94468,94468,POINT (16.351119661171943 48.21241061281588),Schönbornpark,1117 m²,Hundezone,01 4000 8042,Stabilgitterzaun 2 m,http://www.wien.gv.at/umwelt/parks/hundezonen.html,
HUNDEZONEOGD.94469,94469,POINT (16.34475330337862 48.211196012004116),Hamerlingpark,319 m²,Hundezone,01 4000 8042,"Stabilgitterzaun 1m, Holzzaun 1m",http://www.wien.gv.at/umwelt/parks/hundezonen.html,
HUNDEZONEOGD.94470,94470,POINT (16.353904793132696 48.22153190492011),Arne-Carlsson-Park,623 m²,Hundezone,01 4000 8042,Stabilgitterzaun 1m,http://www.wien.gv.at/umwelt/parks/hundezonen.html,
HUNDEZONEOGD.94471,94471,POINT (16.358362617988217 48.22631064141469),Lichtentalerpark,701 m²,Hundezone,01 4000 8042,Stabilgitterzaun 1m,http://www.wien.gv.at/umwelt/parks/hundezonen.html,
HUNDEZONEOGD.94472,94472,POINT (16.328444788535204 48.18992310198684),Dadlerpark,1874 m²,Hundezone,01 4000 8042,"Stabilgitterzaun 1 m, Maschendrahtzaun 2 m, 1 Schwingflügeltür",http://www.wien.gv.at/umwelt/parks/hundezonen.html,
HUNDEZONEOGD.94473,94473,POINT (16.31650228653397 48.18812639449547),Auer-Welsbach-Park,10064 m²,Hundeauslaufplatz,01 4000 8042,Stahlpollerabgrenzung 1m,http://www.wien.gv.at/umwelt/parks/hundezonen.html,
HUNDEZONEOGD.94474,94474,POINT (16.332603961242075 48.20401838101965),Vogelweidpark,2059 m²,Hundezone,01 4000 8042,Stabilgitterzaun 1m,http://www.wien.gv.at/umwelt/parks/hundezonen.html,
HUNDEZONEOGD.94475,94475,POINT (16.334596519069702 48.17885265609874),Parkanlage Vierthalergasse,707 m²,Hundezone,01 4000 8042,Stabilgitterzaun 1m 2 Schwingflügeltüren,http://www.wien.gv.at/umwelt/parks/hundezonen.html,
HUNDEZONEOGD.94476,94476,POINT (16.32786936438963 48.1568327241765),Parkanlage Lichtensterngasse,9368 m²,Hundeauslaufplatz,01 4000 8042,keine Einfriedung,http://www.wien.gv.at/umwelt/parks/hundezonen.html,
HUNDEZONEOGD.94477,94477,POINT (16.31668145052767 48.17856409179806),Parkanlage Steinweisweg,922 m²,Hundezone,01 4000 8042,Stabilgitterzaun 1m 3 Schwingflügeltüren,http://www.wien.gv.at/umwelt/parks/hundezonen.html,
HUNDEZONEOGD.94478,94478,POINT (16.374740970505723 48.21564196717142),Wilhelm-Kienzl-Park,3653 m²,Hundeauslaufplatz,01 4000 8042,keine Einfriedung,http://www.wien.gv.at/umwelt/parks/hundezonen.html,
HUNDEZONEOGD.94479,94479,POINT (16.371975044223984 48.15896971948552),Parkanlage Heuberggstätten,136406 m²,Hundeauslaufplatz,01 4000 8042,keine Einfriedung,http://www.wien.gv.at/umwelt/parks/hundezonen.html,
HUNDEZONEOGD.94480,94480,POINT (16.425635678789114 48.176685342001214),Parkanlage Lautenschlägergasse,997 m²,Hundezone,01 4000 8042,"Stabilgitterzaun 1m und 1,6m",http://www.wien.gv.at/umwelt/parks/hundezonen.html,
HUNDEZONEOGD.94481,94481,POINT (16.418208705743957 48.16886143479013),Parkanlage Haugerstraße,399 m²,Hundezone,01 4000 8042,Stabilgitterzaun 1m und 4m,http://www.wien.gv.at/umwelt/parks/hundezonen.html,
HUNDEZONEOGD.94482,94482,POINT (16.499098451628047 48.22259889286566),Madame-d' Ora-Park,1000 m²,Hundezone,01 4000 8042,Stabilgitterzaun 1m,http://www.wien.gv.at/umwelt/parks/hundezonen.html,
HUNDEZONEOGD.94483,94483,POINT (16.509930526856238 48.22578125397978),Seepark,2942 m²,Hundezone,01 4000 8042,"Stabilgitterzaun 1m, Chestnutzaun 90cm",http://www.wien.gv.at/umwelt/parks/hundezonen.html,
HUNDEZONEOGD.94484,94484,POINT (16.291122665015706 48.13837026861807),Parkanlage Gaulgasse,6522 m²,Hundezone,01 4000 8042,Stabilgitterzaun 1m 3 Schwingflügeltüren,http://www.wien.gv.at/umwelt/parks/hundezonen.html,
HUNDEZONEOGD.94485,94485,POINT (16.361616975041162 48.19808876436009),Alfred-Grünwald-Park,656 m²,Hundezone,01 4000 8042,Stabilgitterzaun 1m,http://www.wien.gv.at/umwelt/parks/hundezonen.html,
HUNDEZONEOGD.94486,94486,POINT (16.327418852419974 48.21010140956497),Richard-Wagner-Park,587 m²,Hundezone,01 4000 8042,"Metallzaun 0,5 m, Stabilgitterzaun 1,6 m",http://www.wien.gv.at/umwelt/parks/hundezonen.html,
HUNDEZONEOGD.94487,94487,POINT (16.442910986282488 48.25827044415628),Ingeborg-Bachmann-Park,420 m²,Hundezone,01 4000 8042,Stabilgitterzaun 1m,http://www.wien.gv.at/umwelt/parks/hundezonen.html,
HUNDEZONEOGD.94488,94488,POINT (16.373538922128176 48.24445631769474),Forsthauspark,2392 m²,Hundeauslaufplatz,01 4000 8042,keine Einfriedung,http://www.wien.gv.at/umwelt/parks/hundezonen.html,
HUNDEZONEOGD.94489,94489,POINT (16.384276668101354 48.23893031841095),Allerheiligenpark,2272 m²,Hundezone,01 4000 8042,Stabilgitterzaun 1m,http://www.wien.gv.at/umwelt/parks/hundezonen.html,
HUNDEZONEOGD.94490,94490,POINT (16.383976224491263 48.16774461297077),Alfred-Böhm-Park,2674 m²,Hundezone,01 4000 8042,Stabilgitterzaun 1m,http://www.wien.gv.at/umwelt/parks/hundezonen.html,
HUNDEZONEOGD.94491,94491,POINT (16.399586796235873 48.24898085114457),Parkanlage Angeliwiese,14552 m²,Hundezone,01 4000 8042,Stabilgitterzaun 1m,http://www.wien.gv.at/umwelt/parks/hundezonen.html,
HUNDEZONEOGD.94492,94492,POINT (16.382731172295937 48.26851261838736),Parkanlage Überfuhrstraße  ,2419 m²,Hundezone,01 4000 8042,Stabilgitterzaun 1m,http://www.wien.gv.at/umwelt/parks/hundezonen.html,
HUNDEZONEOGD.94493,94493,POINT (16.352246823966045 48.197945100213865),Esterházypark,433 m²,Hundezone,01 4000 8042,Stabilgitterzaun 1m,http://www.wien.gv.at/umwelt/parks/hundezonen.html,
HUNDEZONEOGD.94494,94494,POINT (16.327268321457154 48.1819868268459),Theresienbadpark,477 m²,Hundezone,01 4000 8042,Stabilgitterzaun 1m 2 Schwingflügeltüren,http://www.wien.gv.at/umwelt/parks/hundezonen.html,
HUNDEZONEOGD.94495,94495,POINT (16.34375761676781 48.15233337749841),Draschepark,50008 m²,Hundeauslaufplatz,01 4000 8042,keine Angabe,http://www.wien.gv.at/umwelt/parks/hundezonen.html,
HUNDEZONEOGD.94496,94496,POINT (16.24955765326228 48.20214476982344),Ferdinand-Wolf-Park,2641 m²,Hundezone,01 4000 8042,keine Angabe,http://www.wien.gv.at/umwelt/parks/hundezonen.html,
HUNDEZONEOGD.94497,94497,POINT (16.252454502409854 48.14590010433852),Hundeauslauf Anton-Krieger-Gasse (MA49),6320 m²,Hundeauslaufplatz,01 4000 8042,keine Angabe,http://www.wien.gv.at/umwelt/parks/hundezonen.html,
HUNDEZONEOGD.94498,94498,POINT (16.39420197834907 48.219367566013844),Venediger-Au-Park,1803 m²,Hundezone,01 4000 8042,Stabilgitterzaun 1m,http://www.wien.gv.at/umwelt/parks/hundezonen.html,
HUNDEZONEOGD.94499,94499,POINT (16.378518227419477 48.179507803926),Humboldtpark,230 m²,Hundezone,01 4000 8042,"Chestnutzaun, Stabilgitter, Sezzessionsgitter",http://www.wien.gv.at/umwelt/parks/hundezonen.html,
HUNDEZONEOGD.94500,94500,POINT (16.361002124202898 48.243386815342596),Wertheimsteinpark,1485 m²,Hundeauslaufplatz,01 4000 8042,keine Angabe,http://www.wien.gv.at/umwelt/parks/hundezonen.html,
HUNDEZONEOGD.94501,94501,POINT (16.361624979730077 48.206185195374744),Heldenplatz,904 m²,Hundezone,01 4000 8042,Stabilgitterzaun 1m,http://www.wien.gv.at/umwelt/parks/hundezonen.html,
HUNDEZONEOGD.94502,94502,POINT (16.39499156296016 48.215115851095995),Prater - Laufbergerwiese,1020 m²,Hundezone,01 4000 8042,"Stabilgitterzaun 1,2 m",http://www.wien.gv.at/umwelt/parks/hundezonen.html,
HUNDEZONEOGD.94503,94503,POINT (16.45560571444649 48.15146397630357),keine Angabe,1551 m²,Hundeauslaufplatz,01 4000 8042,Wildzaun,http://www.wien.gv.at/umwelt/parks/hundezonen.html,
HUNDEZONEOGD.94504,94504,POINT (16.413105539327827 48.248209598212355),Parkanlage Mühlschüttel,402 m²,Hundezone,01 4000 8042,Stabilgitter 1m,http://www.wien.gv.at/umwelt/parks/hundezonen.html,
HUNDEZONEOGD.94505,94505,POINT (16.33821186644649 48.167811133624575),keine Angabe,1788 m²,Hundeauslaufplatz,01 4000 8042,keine Angabe,http://www.wien.gv.at/umwelt/parks/hundezonen.html,
HUNDEZONEOGD.94506,94506,POINT (16.34675985830713 48.14106772542535),keine Angabe,1900 m²,Hundezone,01 4000 8042,keine Angabe,http://www.wien.gv.at/umwelt/parks/hundezonen.html,
HUNDEZONEOGD.94507,94507,POINT (16.307733782660012 48.122382808918175),keine Angabe,3057 m²,Hundeauslaufplatz,01 4000 8042,keine Angabe,http://www.wien.gv.at/umwelt/parks/hundezonen.html,
HUNDEZONEOGD.94508,94508,POINT (16.339047264932848 48.18137558278605),Steinbauerpark,507 m²,Hundezone,01 4000 8042,"Stabilgitterzaun 1m und 4m, 1 Schwingflügeltür, 1 Tor",http://www.wien.gv.at/umwelt/parks/hundezonen.html,
HUNDEZONEOGD.94509,94509,POINT (16.355517938196726 48.162696626048465),keine Angabe,8736 m²,Hundeauslaufplatz,01 4000 8042,keine Angabe,http://www.wien.gv.at/umwelt/parks/hundezonen.html,
HUNDEZONEOGD.94510,94510,POINT (16.4922353074964 48.2486839580513),Feuerwehrspielplatz,953 m²,Hundezone,01 4000 8042,Stabilgitterzaun 1m,http://www.wien.gv.at/umwelt/parks/hundezonen.html,
HUNDEZONEOGD.94511,94511,POINT (16.51432971460629 48.20154040576865),keine Angabe,3346 m²,Hundezone,01 4000 8042,keine Angabe,http://www.wien.gv.at/umwelt/parks/hundezonen.html,
HUNDEZONEOGD.94512,94512,POINT (16.43739362177249 48.25500469004491),keine Angabe,1804 m²,Hundezone,01 4000 8042,keine Angabe,http://www.wien.gv.at/umwelt/parks/hundezonen.html,
HUNDEZONEOGD.94513,94513,POINT (16.40397657033724 48.1959577037493),Bock-Park,228 m²,Hundezone,01 4000 8042,"Stabilgitterzaun 1,1m 2 Schwingflügeltüren",http://www.wien.gv.at/umwelt/parks/hundezonen.html,
HUNDEZONEOGD.94514,94514,POINT (16.404117332281803 48.19591469416864),Bock-Park,0 m²,Hundezone,01 4000 8042,"Stabilgitterzaun 1,1m 2 Schwingflügeltüren",http://www.wien.gv.at/umwelt/parks/hundezonen.html,
HUNDEZONEOGD.94515,94515,POINT (16.241354613277686 48.22760640508256),keine Angabe,25443 m²,Hundeauslaufplatz,01 4000 8042,keine Angabe,http://www.wien.gv.at/umwelt/parks/hundezonen.html,
HUNDEZONEOGD.94516,94516,POINT (16.27861429941863 48.246131122446926),keine Angabe,79701 m²,Hundeauslaufplatz,01 4000 8042,keine Angabe,http://www.wien.gv.at/umwelt/parks/hundezonen.html,
HUNDEZONEOGD.94517,94517,POINT (16.317580714163245 48.26126379641527),keine Angabe,12940 m²,Hundeauslaufplatz,01 4000 8042,keine Angabe,http://www.wien.gv.at/umwelt/parks/hundezonen.html,
HUNDEZONEOGD.94518,94518,POINT (16.450752881125904 48.21639208992412),keine Angabe,4283 m²,Hundeauslaufplatz,01 4000 8042,keine Angabe,http://www.wien.gv.at/umwelt/parks/hundezonen.html,
HUNDEZONEOGD.94519,94519,POINT (16.31594448950611 48.14037739760119),PaN-Park,658 m²,Hundezone,01 4000 8042,Stabilgitterzaun 1m,http://www.wien.gv.at/umwelt/parks/hundezonen.html,
HUNDEZONEOGD.94520,94520,POINT (16.38242795375144 48.17944840557979),Helmut-Zilk-Park,457 m²,Hundezone,01 4000 8042,"Chestnutzaun 1,20m",http://www.wien.gv.at/umwelt/parks/hundezonen.html,
HUNDEZONEOGD.94521,94521,POINT (16.379033336202582 48.22461049584755),keine Angabe,2002 m²,Hundezone,01 4000 8042,"Maschendrahtzaun 1,7m",http://www.wien.gv.at/umwelt/parks/hundezonen.html,
HUNDEZONEOGD.94522,94522,POINT (16.371045901198084 48.22641859454977),keine Angabe,1161 m²,Hundezone,01 4000 8042,"Maschendrahtzaun 1,7m, Mauer",http://www.wien.gv.at/umwelt/parks/hundezonen.html,
HUNDEZONEOGD.94523,94523,POINT (16.430092033113898 48.26064608947865),Theresa-Tauscher-Park,1345 m²,Hundezone,01 4000 8042,"66lfm Stabilgittermattenzaun,78,5lfm Maschendrahtzaun ",http://www.wien.gv.at/umwelt/parks/hundezonen.html,
HUNDEZONEOGD.94524,94524,POINT (16.411701500085726 48.203918823475995),Prater - Rustenschacher,228924 m²,Hundeauslaufplatz,01 4000 8042,keine Angabe,http://www.wien.gv.at/umwelt/parks/hundezonen.html,
HUNDEZONEOGD.94525,94525,POINT (16.38690495825825 48.15286745290936),Volkspark Laaerberg,772 m²,Hundezone,01 4000 8042,"Stabilgitterzaun 1,2m",http://www.wien.gv.at/umwelt/parks/hundezonen.html,
HUNDEZONEOGD.94526,94526,POINT (16.370743347210716 48.17271845249137),Arthaberpark,499 m²,Hundezone,01 4000 8042,"Stabilgitterzaun 1,5m",http://www.wien.gv.at/umwelt/parks/hundezonen.html,
HUNDEZONEOGD.94527,94527,POINT (16.415536781916458 48.16732461574554),Luise-Montag-Park,1772 m²,Hundezone,01 4000 8042,Stabilgitterzaun 1m,http://www.wien.gv.at/umwelt/parks/hundezonen.html,
HUNDEZONEOGD.94528,94528,POINT (16.40907222246861 48.17129711298947),Herderpark,2073 m²,Hundezone,01 4000 8042,"Stabilgitterzaun 1,2m",http://www.wien.gv.at/umwelt/parks/hundezonen.html,
HUNDEZONEOGD.94418,94418,POINT (16.469972326818404 48.154543829230946),Parkanlage Flammweg,1928 m²,Hundezone,01 4000 8042,Stabilgitterzaun 1m,http://www.wien.gv.at/umwelt/parks/hundezonen.html,
HUNDEZONEOGD.94419,94419,POINT (16.41306228465547 48.181435949927916),Hyblerpark,342 m²,Hundezone,01 4000 8042,Stabilgitterzaun 1m,http://www.wien.gv.at/umwelt/parks/hundezonen.html,
HUNDEZONEOGD.94420,94420,POINT (16.373036456882485 48.19960899118692),Resselpark,707 m²,Hundezone,01 4000 8042,"Stabilgitterzaun 1m, 2 Schwingflügeltüren",http://www.wien.gv.at/umwelt/parks/hundezonen.html,
HUNDEZONEOGD.94421,94421,POINT (16.338023022798843 48.207385078762194),Lerchenfelder Gürtel 30-32,463 m²,Hundezone,01 4000 8042,Stabilgitterzaun 1m,http://www.wien.gv.at/umwelt/parks/hundezonen.html,
HUNDEZONEOGD.94422,94422,POINT (16.3669999513533 48.181136956136214),Waldmüllerpark,5195 m²,Hundezone,01 4000 8042,Secessionsgitter 1m,http://www.wien.gv.at/umwelt/parks/hundezonen.html,
HUNDEZONEOGD.94423,94423,POINT (16.339453848720424 48.188923538490855),Gumpendorfer Gürtel 2,209 m²,Hundezone,01 4000 8042,Stabilgitterzaun 1m 2 Schwingflügeltüren 1 Tor,http://www.wien.gv.at/umwelt/parks/hundezonen.html,
HUNDEZONEOGD.94424,94424,POINT (16.38215864010609 48.23970429052522),Parkanlage Durchlaufstraße,1780 m²,Hundezone,01 4000 8042,keine Einfriedung,http://www.wien.gv.at/umwelt/parks/hundezonen.html,
HUNDEZONEOGD.94425,94425,POINT (16.38717974996629 48.23399857453538),Mortarapark,460 m²,Hundezone,01 4000 8042,"Stabilgitterzaun 1,6 m 2 Schwingflügeltüren",http://www.wien.gv.at/umwelt/parks/hundezonen.html,
HUNDEZONEOGD.94426,94426,POINT (16.38033931250056 48.24451888464442),Parkanlage Friedrich-Engels-Platz,328 m²,Hundezone,01 4000 8042,Stabilgitterzaun 1m,http://www.wien.gv.at/umwelt/parks/hundezonen.html,
HUNDEZONEOGD.94427,94427,POINT (16.37801585269588 48.21372842242081),Manes-Sperber-Park,320 m²,Hundezone,01 4000 8042,"Stabilgitterzaun 1,2 m",http://www.wien.gv.at/umwelt/parks/hundezonen.html,
HUNDEZONEOGD.94428,94428,POINT (16.405436919865878 48.19121505785798),Parkanlage Baumgasse,1395 m²,Hundezone,01 4000 8042,"Stabilgitterzaun 1m, Gitterzaun 3 m",http://www.wien.gv.at/umwelt/parks/hundezonen.html,
HUNDEZONEOGD.94429,94429,POINT (16.396007228455225 48.208453295792786),Treppelweg - Weißgerberlände (Höhe Hunderwasser-Haus),550 m²,Hundezone,01 4000 8042,Stabilgitterzaun 1m,http://www.wien.gv.at/umwelt/parks/hundezonen.html,
HUNDEZONEOGD.94430,94430,POINT (16.39670377866858 48.20622038099947),Treppelweg - Weißgerberlände (Rotundenbrücke),435 m²,Hundezone,01 4000 8042,Stabilgitterzaun 1m,http://www.wien.gv.at/umwelt/parks/hundezonen.html,
HUNDEZONEOGD.94431,94431,POINT (16.373103479470224 48.21524548436157),Franz-Josefs-Kai,1994 m²,Hundezone,01 4000 8042,Stabilgitterzaun 1m,http://www.wien.gv.at/umwelt/parks/hundezonen.html,
HUNDEZONEOGD.94432,94432,POINT (16.268766103620198 48.16037488671999),Napoleonwald,6000 m²,Hundeauslaufplatz,01 4000 8042,keine Einfriedung,http://www.wien.gv.at/umwelt/parks/hundezonen.html,
HUNDEZONEOGD.94433,94433,POINT (16.390564853594903 48.19852874689739),Arenbergpark,1157 m²,Hundezone,01 4000 8042,Stabilgitterzaun 1m,http://www.wien.gv.at/umwelt/parks/hundezonen.html,
HUNDEZONEOGD.94434,94434,POINT (16.400974523529218 48.197481720977706),Kardinal-Nagl-Park,597 m²,Hundezone,01 4000 8042,Stabilgitterzaun 1m,http://www.wien.gv.at/umwelt/parks/hundezonen.html,
HUNDEZONEOGD.94435,94435,POINT (16.39943799687828 48.19061548805562),Waisenhauspark,763 m²,Hundezone,01 4000 8042,"Stabilgitterzaun 1m, Stabilgitterzaun 2,5 m",http://www.wien.gv.at/umwelt/parks/hundezonen.html,
HUNDEZONEOGD.94436,94436,POINT (16.385839646439795 48.18794476890216),Schweizergarten (Landstraßer Gürtel/Schweizer-Garten-Straße),1427 m²,Hundezone,01 4000 8042,"Gitterzaun 1,6 m",http://www.wien.gv.at/umwelt/parks/hundezonen.html,
HUNDEZONEOGD.94437,94437,POINT (16.384610783744176 48.18486120485743),Schweizergarten (Arsenalstraße/Ghegastraße),4184 m²,Hundezone,01 4000 8042,"Gitterzaun 1m, Gitterzaun 2 m, Stabilgitterzaun 1m",http://www.wien.gv.at/umwelt/parks/hundezonen.html,
HUNDEZONEOGD.94438,94438,POINT (16.384862151466677 48.20052444524077),Grünanlage Linke Bahngasse,2725 m²,Hundezone,01 4000 8042,"Stabilgitterzaun 1m, Holzzaun 1m",http://www.wien.gv.at/umwelt/parks/hundezonen.html,
HUNDEZONEOGD.94439,94439,POINT (16.380047874866168 48.20392626620707),Stadtpark - Wienflusspromenade,1899 m²,Hundezone,01 4000 8042,keine Einfriedung,http://www.wien.gv.at/umwelt/parks/hundezonen.html,
HUNDEZONEOGD.94440,94440,POINT (16.32320957012833 48.17079278392781),Parkanlage Breitenfurter Straße ,3505 m²,Hundeauslaufplatz,01 4000 8042,keine Einfriedung,http://www.wien.gv.at/umwelt/parks/hundezonen.html,
HUNDEZONEOGD.94441,94441,POINT (16.2684269463152 48.14989762817516),Ölzeltpark,355 m²,Hundezone,01 4000 8042,Stabilgitterzaun 1m 1Flügeltüre,http://www.wien.gv.at/umwelt/parks/hundezonen.html,
HUNDEZONEOGD.94442,94442,POINT (16.309270310106516 48.14832071007472),Michael-Bausback-Park,3834 m²,Hundezone,01 4000 8042,Stabilgitterzaun 1m 2 Schwingflügeltüren,http://www.wien.gv.at/umwelt/parks/hundezonen.html,
HUNDEZONEOGD.94443,94443,POINT (16.3168988101181 48.1529899436455),Wohnparkstraße,1327 m²,Hundezone,01 4000 8042,Stabilgitterzaun 1m 2 Schwingflügeltüren,http://www.wien.gv.at/umwelt/parks/hundezonen.html,
HUNDEZONEOGD.94444,94444,POINT (16.329832879393983 48.15565397758558),Parkanlage Wilhelm-Erben-Gasse,6427 m²,Hundeauslaufplatz,01 4000 8042,keine Einfriedung,http://www.wien.gv.at/umwelt/parks/hundezonen.html,
HUNDEZONEOGD.94445,94445,POINT (16.274415325214633 48.18179545747922),Parkanlage Roter Berg,8155 m²,Hundeauslaufplatz,01 4000 8042,"Stabilgitterzaun 1m, Jägerzaun, frei",http://www.wien.gv.at/umwelt/parks/hundezonen.html,
HUNDEZONEOGD.94446,94446,POINT (16.40055850023137 48.219673725278625),Max-Winter-Park,464 m²,Hundezone,01 4000 8042,"Metallzaun 1,6 m",http://www.wien.gv.at/umwelt/parks/hundezonen.html,
HUNDEZONEOGD.94447,94447,POINT (16.397111550219073 48.22539594565428),Rudolf-Bednar-Park,296 m²,Hundezone,01 4000 8042,Stabilgitterzaun 1m,http://www.wien.gv.at/umwelt/parks/hundezonen.html,
HUNDEZONEOGD.94448,94448,POINT (16.36860771746415 48.17111027569614),Parkanlage Paltramplatz,481 m²,Hundezone,01 4000 8042,Einfriedung teilweise,http://www.wien.gv.at/umwelt/parks/hundezonen.html,
HUNDEZONEOGD.94449,94449,POINT (16.320550502325816 48.17126852559016),Parkanlage Schwenkgasse,1976 m²,Hundezone,01 4000 8042,Stabilgitterzaun 1m,http://www.wien.gv.at/umwelt/parks/hundezonen.html,
HUNDEZONEOGD.94450,94450,POINT (16.449767543365574 48.23177305675622),Otto-Affenzeller-Park,2401 m²,Hundezone,01 4000 8042,Gitterzaun 1m,http://www.wien.gv.at/umwelt/parks/hundezonen.html,
HUNDEZONEOGD.94451,94451,POINT (16.476812719335317 48.24163171270632),Teich Hirschstetten,27295 m²,Hundeauslaufplatz,01 4000 8042,keine Einfriedung,http://www.wien.gv.at/umwelt/parks/hundezonen.html,
HUNDEZONEOGD.94452,94452,POINT (16.36543121943322 48.191369380718726),Rubenspark,345 m²,Hundezone,01 4000 8042,Metallzaun 1m,http://www.wien.gv.at/umwelt/parks/hundezonen.html,
HUNDEZONEOGD.94453,94453,POINT (16.347665232670053 48.18739868219405),Parkanlage Am Hundsturm,212 m²,Hundezone,01 4000 8042,"Metallzaun 1m, Metallzaun 0,6 m",http://www.wien.gv.at/umwelt/parks/hundezonen.html,
HUNDEZONEOGD.94454,94454,POINT (16.350552647669964 48.18622332653168),Einsiedlerpark,213 m²,Hundezone,01 4000 8042,Stabilgitterzaun 1m ,http://www.wien.gv.at/umwelt/parks/hundezonen.html,
HUNDEZONEOGD.94455,94455,POINT (16.339053815050278 48.22582929538119),Schubertpark,1336 m²,Hundezone,01 4000 8042,Stabilgitterzaun 1m 2 Schwingflügeltüren,http://www.wien.gv.at/umwelt/parks/hundezonen.html,
HUNDEZONEOGD.94456,94456,POINT (16.327872191206446 48.173577503771554),Edelsinnstraße ggü. 8,1451 m²,Hundezone,01 4000 8042,Stabilgitterzaun 1m mit 2 Toren,http://www.wien.gv.at/umwelt/parks/hundezonen.html,
HUNDEZONEOGD.94457,94457,POINT (16.32101451594461 48.19043457818734),Parkanlage Winckelmannstraße,1382 m²,Hundezone,01 4000 8042,Stabilgitterzaun 1m 4 Schwingflügeltüren,http://www.wien.gv.at/umwelt/parks/hundezonen.html,
HUNDEZONEOGD.94337,94337,POINT (16.443511723475655 48.25438654108994),Grünanlage Eipeldauer Straße,903 m²,Hundezone,01 4000 8042,Stabilgitterzaun 1m,http://www.wien.gv.at/umwelt/parks/hundezonen.html,
HUNDEZONEOGD.94338,94338,POINT (16.38010470968884 48.1764942266524),Parkanlage Wielandplatz,310 m²,Hundezone,01 4000 8042,Stabilgitterzaun 1m 2 Schwingflügeltüren,http://www.wien.gv.at/umwelt/parks/hundezonen.html,
HUNDEZONEOGD.94339,94339,POINT (16.368512572280874 48.17454650618906),Laubepark,110 m²,Hundezone,01 4000 8042,Stabilgitterzaun 1m,http://www.wien.gv.at/umwelt/parks/hundezonen.html,
HUNDEZONEOGD.94340,94340,POINT (16.40757928251955 48.17342321395465),Herderpark/Am Kanal,3221 m²,Hundezone,01 4000 8042,keine Einfriedung,http://www.wien.gv.at/umwelt/parks/hundezonen.html,
HUNDEZONEOGD.94341,94341,POINT (16.408625401159682 48.17219113823456),Herderpark,432 m²,Hundezone,01 4000 8042,"Gitterzaun 2 m, Stabilgitterzaun 1m",http://www.wien.gv.at/umwelt/parks/hundezonen.html,
HUNDEZONEOGD.94342,94342,POINT (16.496286621936157 48.2255470387046),Yella-Hertzka-Park,540 m²,Hundezone,01 4000 8042,Stabilgitterzaun 1m,http://www.wien.gv.at/umwelt/parks/hundezonen.html,
HUNDEZONEOGD.94343,94343,POINT (16.42505201274687 48.156780303116236),Parkanlage Pretschgasse,3045 m²,Hundeauslaufplatz,01 4000 8042,"Stabilgitterzaun 1m, Stabilgitterzaun 1,4 m",http://www.wien.gv.at/umwelt/parks/hundezonen.html,
HUNDEZONEOGD.94344,94344,POINT (16.366577328951735 48.225952227655235),Treppelweg - Roßauer Lände,526 m²,Hundezone,01 4000 8042,Stabilgitterzaun 1m,http://www.wien.gv.at/umwelt/parks/hundezonen.html,
HUNDEZONEOGD.94345,94345,POINT (16.280414264807966 48.13600866190528),Grünanlage Liesinger Platz,150 m²,Hundezone,01 4000 8042,Stabilgitterzaun 1 m,http://www.wien.gv.at/umwelt/parks/hundezonen.html,
HUNDEZONEOGD.94346,94346,POINT (16.382806507351862 48.278337768422105),Parkanlage Schlossergasse,800 m²,Hundezone,01 4000 8042,"Stabilgitterzaun 1m, 3 Schwingflügeltüren",http://www.wien.gv.at/umwelt/parks/hundezonen.html,
HUNDEZONEOGD.94347,94347,POINT (16.443920313535333 48.161120640343526),Schloß Neugebäude - Unterer Garten,1821 m²,Hundeauslaufplatz,01 4000 8042,"Wildzaun 2m, Stabilgitterzaun 1m ",http://www.wien.gv.at/umwelt/parks/hundezonen.html,
HUNDEZONEOGD.94348,94348,POINT (16.359496900183082 48.252499121366036),Heiligenstädter Park,1886 m²,Hundezone,01 4000 8042,Stabilgitterzaun 1m mit 2 Toren,http://www.wien.gv.at/umwelt/parks/hundezonen.html,
HUNDEZONEOGD.94349,94349,POINT (16.311637187681978 48.227031226564456),Alszeile (ggü Sportclubplatz),877 m²,Hundezone,01 4000 8042,"Stabilgitterzaun 1m 2 Schwingflügeltüren, 1 Tor",http://www.wien.gv.at/umwelt/parks/hundezonen.html,
HUNDEZONEOGD.94350,94350,POINT (16.38127384238385 48.252783735560314),Donauinsel Nord (MA45),12796 m²,Hundeauslaufplatz,01 4000 8042,Kennzeichnung mittels Pflöcken,http://www.wien.gv.at/umwelt/parks/hundezonen.html,
HUNDEZONEOGD.94351,94351,POINT (16.40376704919644 48.22557080536232),Mexikopark - Rosenpark,4653 m²,Hundezone,01 4000 8042,"Gitterzaun 1,4 m",http://www.wien.gv.at/umwelt/parks/hundezonen.html,
HUNDEZONEOGD.94352,94352,POINT (16.32572511832731 48.16313516069745),Miep-Gies-Park,710 m²,Hundezone,01 4000 8042,Stabilgitterzaun 1m 2 Schwingflügeltüren,http://www.wien.gv.at/umwelt/parks/hundezonen.html,
HUNDEZONEOGD.94353,94353,POINT (16.33819150145887 48.187168893168476),Parkanlage Harthausergasse,644 m²,Hundezone,01 4000 8042,Stabilgitterzaun 1m 2 Schwingflügeltüren,http://www.wien.gv.at/umwelt/parks/hundezonen.html,
HUNDEZONEOGD.94354,94354,POINT (16.385758005186183 48.172469705301054),Puchsbaumpark,632 m²,Hundezone,01 4000 8042,Stabilgitterzaun 1m 2 Schwingflügeltüren,http://www.wien.gv.at/umwelt/parks/hundezonen.html,
HUNDEZONEOGD.94355,94355,POINT (16.405642849731738 48.27451286559231),Parkanlage Thomagasse,745 m²,Hundezone,01 4000 8042,"Stabilgitterzaun 1m 2 Schwingflügeltüren, 1 Tor",http://www.wien.gv.at/umwelt/parks/hundezonen.html,
HUNDEZONEOGD.94356,94356,POINT (16.410857969225315 48.20880989039713),Prater - Pelzmais,121721 m²,Hundeauslaufplatz,01 4000 8042,keine Einfriedung,http://www.wien.gv.at/umwelt/parks/hundezonen.html,
HUNDEZONEOGD.94357,94357,POINT (16.32123575559638 48.14848351687315),Altmannsdorfer Straße vor ONr. 168-170,463 m²,Hundezone,01 4000 8042,keine Angabe,http://www.wien.gv.at/umwelt/parks/hundezonen.html,
HUNDEZONEOGD.94358,94358,POINT (16.322067973000756 48.14563581216397),Altmannsdorfer Straße vor ONr. 178-182,411 m²,Hundezone,01 4000 8042,keine Angabe,http://www.wien.gv.at/umwelt/parks/hundezonen.html,
HUNDEZONEOGD.94359,94359,POINT (16.445743717629462 48.206914457759666),Neue Donau Süd (MA45),19005 m²,Hundeauslaufplatz,01 4000 8042,Kennzeichnung mittels Pflöcken,http://www.wien.gv.at/umwelt/parks/hundezonen.html,
HUNDEZONEOGD.94360,94360,POINT (16.42136196709036 48.224283551886906),Kaisermühlen (MA45),3173 m²,Hundezone,01 4000 8042,keine Angabe,http://www.wien.gv.at/umwelt/parks/hundezonen.html,
HUNDEZONEOGD.94361,94361,POINT (16.377330317726145 48.166834170699914),Hebbelpark,855 m²,Hundezone,01 4000 8042,"Stabilgitterzaun 1,2 m 2 Schwingflügeltüren",http://www.wien.gv.at/umwelt/parks/hundezonen.html,
HUNDEZONEOGD.94362,94362,POINT (16.38211099818587 48.1698086187709),Parkanlage Wieselburger Gasse,1204 m²,Hundezone,01 4000 8042,Stabilgitter 1m,http://www.wien.gv.at/umwelt/parks/hundezonen.html,
HUNDEZONEOGD.94363,94363,POINT (16.283680371644177 48.198803269450984),Parkanlage Pachmanngasse,442 m²,Hundezone,01 4000 8042,Stabilgitterzaun 1m,http://www.wien.gv.at/umwelt/parks/hundezonen.html,
HUNDEZONEOGD.94364,94364,POINT (16.372877471155693 48.25121111166182),Treppelweg - Brigittenauer Lände,1059 m²,Hundezone,01 4000 8042,Stabilgitterzaun 1m,http://www.wien.gv.at/umwelt/parks/hundezonen.html,
HUNDEZONEOGD.94365,94365,POINT (16.311375307313167 48.22262947734259),Kongreßpark,3278 m²,Hundezone,01 4000 8042,Stabilgitterzaun 1m,http://www.wien.gv.at/umwelt/parks/hundezonen.html,
HUNDEZONEOGD.94366,94366,POINT (16.307584028563934 48.20114099888549),Ordeltpark,1653 m²,Hundezone,01 4000 8042,Stabilgitterzaun 1m 2 Schwingflügeltüren 2 Tore,http://www.wien.gv.at/umwelt/parks/hundezonen.html,
HUNDEZONEOGD.94367,94367,POINT (16.325858026331655 48.21446440847176),Lorenz-Bayer-Park,541 m²,Hundezone,01 4000 8042,Stabilgitterzaun 2 m,http://www.wien.gv.at/umwelt/parks/hundezonen.html,
HUNDEZONEOGD.94368,94368,POINT (16.279433252894183 48.20617836819964),Steinhofer Park,11787 m²,Hundezone,01 4000 8042,Einfriedung teilweise,http://www.wien.gv.at/umwelt/parks/hundezonen.html,
HUNDEZONEOGD.94369,94369,POINT (16.43959226948922 48.20022969991071),Prater - Wehlistraße-Ostbahn,4540 m²,Hundeauslaufplatz,01 4000 8042,keine Angabe,http://www.wien.gv.at/umwelt/parks/hundezonen.html,
HUNDEZONEOGD.94370,94370,POINT (16.414084048030844 48.171142002628514),Braunhuberpark,423 m²,Hundezone,01 4000 8042,Stabilgitterzaun 1m,http://www.wien.gv.at/umwelt/parks/hundezonen.html,
HUNDEZONEOGD.94371,94371,POINT (16.291500448717215 48.15309403298041),Parkanlage Endemanngasse,496 m²,Hundezone,01 4000 8042,"Stabilgitterzaun 1m 1 Schwingflügeltür, 1 Tor",http://www.wien.gv.at/umwelt/parks/hundezonen.html,
HUNDEZONEOGD.94372,94372,POINT (16.44219011475951 48.24117650757253),Dolfi-Gruber-Weg,1228 m²,Hundezone,01 4000 8042,"Stabilgitterzaun 1m 2 Schwingflügeltüren, 1 Tor",http://www.wien.gv.at/umwelt/parks/hundezonen.html,
HUNDEZONEOGD.94373,94373,POINT (16.43814591988038 48.2386922026101),Parkanlage Donaustadtstraße,749 m²,Hundezone,01 4000 8042,Stabilgitterzaun 1m,http://www.wien.gv.at/umwelt/parks/hundezonen.html,
HUNDEZONEOGD.94374,94374,POINT (16.371006539907228 48.23533193031272),Hugo-Gottschlich-Park,684 m²,Hundezone,01 4000 8042,Stabilgitterzaun 1m,http://www.wien.gv.at/umwelt/parks/hundezonen.html,
HUNDEZONEOGD.94375,94375,POINT (16.278193845993126 48.13962542065117),Parkanlage Theophil-Hansen-Gasse,5260 m²,Hundezone,01 4000 8042,Stabilgitterzaun 1m 4 Schwingflügeltüren 2 Tore,http://www.wien.gv.at/umwelt/parks/hundezonen.html,
HUNDEZONEOGD.94376,94376,POINT (16.314334999738787 48.2063469395582),Rohrauerpark,343 m²,Hundezone,01 4000 8042,Stabilgitterzaun 1m,http://www.wien.gv.at/umwelt/parks/hundezonen.html,
